<metadata xml:lang="en"><Esri><CreaDate>20231104</CreaDate><CreaTime>18455100</CreaTime><ArcGISFormat>1.0</ArcGISFormat><SyncOnce>FALSE</SyncOnce><DataProperties><itemProps><itemName Sync="TRUE">kachh</itemName><imsContentType Sync="TRUE">002</imsContentType><itemLocation><linkage Sync="TRUE">file://\\CEP002-01\C$\Users\Student\Desktop\x\kachh.shp</linkage><protocol Sync="TRUE">Local Area Network</protocol></itemLocation><itemSize Sync="TRUE">0.000</itemSize></itemProps><coordRef><type Sync="TRUE">Geographic</type><geogcsn Sync="TRUE">GCS_WGS_1984</geogcsn><csUnits Sync="TRUE">Angular Unit: Degree (0.017453)</csUnits><peXml Sync="TRUE">&lt;GeographicCoordinateSystem xsi:type='typens:GeographicCoordinateSystem' xmlns:xsi='http://www.w3.org/2001/XMLSchema-instance' xmlns:xs='http://www.w3.org/2001/XMLSchema' xmlns:typens='http://www.esri.com/schemas/ArcGIS/3.0.0'&gt;&lt;WKT&gt;GEOGCS[&amp;quot;GCS_WGS_1984&amp;quot;,DATUM[&amp;quot;D_WGS_1984&amp;quot;,SPHEROID[&amp;quot;WGS_1984&amp;quot;,6378137.0,298.257223563]],PRIMEM[&amp;quot;Greenwich&amp;quot;,0.0],UNIT[&amp;quot;Degree&amp;quot;,0.0174532925199433],AUTHORITY[&amp;quot;EPSG&amp;quot;,4326]]&lt;/WKT&gt;&lt;XOrigin&gt;-400&lt;/XOrigin&gt;&lt;YOrigin&gt;-400&lt;/YOrigin&gt;&lt;XYScale&gt;11258999068426.238&lt;/XYScale&gt;&lt;ZOrigin&gt;-100000&lt;/ZOrigin&gt;&lt;ZScale&gt;10000&lt;/ZScale&gt;&lt;MOrigin&gt;-100000&lt;/MOrigin&gt;&lt;MScale&gt;10000&lt;/MScale&gt;&lt;XYTolerance&gt;8.983152841195215e-09&lt;/XYTolerance&gt;&lt;ZTolerance&gt;0.001&lt;/ZTolerance&gt;&lt;MTolerance&gt;0.001&lt;/MTolerance&gt;&lt;HighPrecision&gt;true&lt;/HighPrecision&gt;&lt;LeftLongitude&gt;-180&lt;/LeftLongitude&gt;&lt;WKID&gt;4326&lt;/WKID&gt;&lt;LatestWKID&gt;4326&lt;/LatestWKID&gt;&lt;/GeographicCoordinateSystem&gt;</peXml></coordRef><lineage><Process ToolSource="c:\program files\arcgis\pro\Resources\ArcToolbox\toolboxes\Conversion Tools.tbx\ExportFeatures" Date="20231104" Time="184551">ExportFeatures India%3A_Village_Boundary_2021 C:\Users\Student\Documents\ArcGIS\Projects\MyProject5\MyProject5.gdb\India3A_Villag_ExportFeature "district = 'Kachchh'" NOT_USE_ALIAS "premiumdat "premiumdat" true true false 24 Double 15 23,First,#,India%3A_Village_Boundary_2021,premiumdat,-1,-1;tru "tru" true true false 5 Text 0 0,First,#,India%3A_Village_Boundary_2021,tru,0,5;no_hh "no_hh" true true false 7 Long 0 7,First,#,India%3A_Village_Boundary_2021,no_hh,-1,-1;tot_p "tot_p" true true false 7 Long 0 7,First,#,India%3A_Village_Boundary_2021,tot_p,-1,-1;avghhsz_cy "avghhsz_cy" true true false 24 Double 15 23,First,#,India%3A_Village_Boundary_2021,avghhsz_cy,-1,-1;objectid "objectid" true true false 6 Long 0 6,First,#,India%3A_Village_Boundary_2021,objectid,-1,-1;id "id" true true false 15 Text 0 0,First,#,India%3A_Village_Boundary_2021,id,0,15;name "name" true true false 70 Text 0 0,First,#,India%3A_Village_Boundary_2021,name,0,70;subdistric "subdistric" true true false 38 Text 0 0,First,#,India%3A_Village_Boundary_2021,subdistric,0,38;district "district" true true false 25 Text 0 0,First,#,India%3A_Village_Boundary_2021,district,0,25;state "state" true true false 44 Text 0 0,First,#,India%3A_Village_Boundary_2021,state,0,44;country "country" true true false 5 Text 0 0,First,#,India%3A_Village_Boundary_2021,country,0,5;censusname "censusname" true true false 70 Text 0 0,First,#,India%3A_Village_Boundary_2021,censusname,0,70;villagenam "villagenam" true true false 115 Text 0 0,First,#,India%3A_Village_Boundary_2021,villagenam,0,115;lgd_villag "lgd_villag" true true false 99 Text 0 0,First,#,India%3A_Village_Boundary_2021,lgd_villag,0,99;lgd_vill_1 "lgd_vill_1" true true false 6 Long 0 6,First,#,India%3A_Village_Boundary_2021,lgd_vill_1,-1,-1;lgd_subdis "lgd_subdis" true true false 4 Short 0 4,First,#,India%3A_Village_Boundary_2021,lgd_subdis,-1,-1;lgd_distri "lgd_distri" true true false 3 Short 0 3,First,#,India%3A_Village_Boundary_2021,lgd_distri,-1,-1;lgd_statec "lgd_statec" true true false 2 Short 0 2,First,#,India%3A_Village_Boundary_2021,lgd_statec,-1,-1;censuscode "censuscode" true true false 8 Text 0 0,First,#,India%3A_Village_Boundary_2021,censuscode,0,8;censusco_1 "censusco_1" true true false 6 Text 0 0,First,#,India%3A_Village_Boundary_2021,censusco_1,0,6;censusco_2 "censusco_2" true true false 1 Text 0 0,First,#,India%3A_Village_Boundary_2021,censusco_2,0,1;level "level" true true false 14 Text 0 0,First,#,India%3A_Village_Boundary_2021,level,0,14;st_areasha "st_areasha" true true false 24 Double 15 23,First,#,India%3A_Village_Boundary_2021,st_areasha,-1,-1;st_lengths "st_lengths" true true false 24 Double 15 23,First,#,India%3A_Village_Boundary_2021,st_lengths,-1,-1" #</Process><Process ToolSource="c:\program files\arcgis\pro\Resources\ArcToolbox\toolboxes\Conversion Tools.tbx\ExportFeatures" Date="20231104" Time="185138">ExportFeatures India3A_Villag_ExportFeature C:\Users\Student\Desktop\x\kachh.shp # NOT_USE_ALIAS "premiumdat "premiumdat" true true false 8 Double 0 0,First,#,India3A_Villag_ExportFeature,premiumdat,-1,-1;tru "tru" true true false 5 Text 0 0,First,#,India3A_Villag_ExportFeature,tru,0,5;no_hh "no_hh" true true false 4 Long 0 0,First,#,India3A_Villag_ExportFeature,no_hh,-1,-1;tot_p "tot_p" true true false 4 Long 0 0,First,#,India3A_Villag_ExportFeature,tot_p,-1,-1;avghhsz_cy "avghhsz_cy" true true false 8 Double 0 0,First,#,India3A_Villag_ExportFeature,avghhsz_cy,-1,-1;objectid "objectid" true true false 4 Long 0 0,First,#,India3A_Villag_ExportFeature,objectid,-1,-1;id "id" true true false 15 Text 0 0,First,#,India3A_Villag_ExportFeature,id,0,15;name "name" true true false 70 Text 0 0,First,#,India3A_Villag_ExportFeature,name,0,70;subdistric "subdistric" true true false 38 Text 0 0,First,#,India3A_Villag_ExportFeature,subdistric,0,38;district "district" true true false 25 Text 0 0,First,#,India3A_Villag_ExportFeature,district,0,25;state "state" true true false 44 Text 0 0,First,#,India3A_Villag_ExportFeature,state,0,44;country "country" true true false 5 Text 0 0,First,#,India3A_Villag_ExportFeature,country,0,5;censusname "censusname" true true false 70 Text 0 0,First,#,India3A_Villag_ExportFeature,censusname,0,70;villagenam "villagenam" true true false 115 Text 0 0,First,#,India3A_Villag_ExportFeature,villagenam,0,115;lgd_villag "lgd_villag" true true false 99 Text 0 0,First,#,India3A_Villag_ExportFeature,lgd_villag,0,99;lgd_vill_1 "lgd_vill_1" true true false 4 Long 0 0,First,#,India3A_Villag_ExportFeature,lgd_vill_1,-1,-1;lgd_subdis "lgd_subdis" true true false 2 Short 0 0,First,#,India3A_Villag_ExportFeature,lgd_subdis,-1,-1;lgd_distri "lgd_distri" true true false 2 Short 0 0,First,#,India3A_Villag_ExportFeature,lgd_distri,-1,-1;lgd_statec "lgd_statec" true true false 2 Short 0 0,First,#,India3A_Villag_ExportFeature,lgd_statec,-1,-1;censuscode "censuscode" true true false 8 Text 0 0,First,#,India3A_Villag_ExportFeature,censuscode,0,8;censusco_1 "censusco_1" true true false 6 Text 0 0,First,#,India3A_Villag_ExportFeature,censusco_1,0,6;censusco_2 "censusco_2" true true false 1 Text 0 0,First,#,India3A_Villag_ExportFeature,censusco_2,0,1;level "level" true true false 14 Text 0 0,First,#,India3A_Villag_ExportFeature,level,0,14;st_areasha "st_areasha" true true false 8 Double 0 0,First,#,India3A_Villag_ExportFeature,st_areasha,-1,-1;st_lengths "st_lengths" true true false 8 Double 0 0,First,#,India3A_Villag_ExportFeature,st_lengths,-1,-1;Shape_Length "Shape_Length" false true true 8 Double 0 0,First,#,India3A_Villag_ExportFeature,Shape_Length,-1,-1;Shape_Area "Shape_Area" false true true 8 Double 0 0,First,#,India3A_Villag_ExportFeature,Shape_Area,-1,-1" #</Process></lineage></DataProperties><SyncDate>20231104</SyncDate><SyncTime>18513800</SyncTime><ModDate>20231104</ModDate><ModTime>18513800</ModTime></Esri><dataIdInfo><envirDesc Sync="TRUE">Microsoft Windows 10 Version 10.0 (Build 19044) ; Esri ArcGIS 13.0.0.36056</envirDesc><dataLang><languageCode value="eng" Sync="TRUE"></languageCode><countryCode value="IND" Sync="TRUE"></countryCode></dataLang><idCitation><resTitle Sync="TRUE">kachh</resTitle><presForm><PresFormCd value="005" Sync="TRUE"></PresFormCd></presForm></idCitation><spatRpType><SpatRepTypCd value="001" Sync="TRUE"></SpatRepTypCd></spatRpType></dataIdInfo><mdLang><languageCode value="eng" Sync="TRUE"></languageCode><countryCode value="IND" Sync="TRUE"></countryCode></mdLang><distInfo><distFormat><formatName Sync="TRUE">Shapefile</formatName></distFormat><distTranOps><transSize Sync="TRUE">0.000</transSize></distTranOps></distInfo><mdHrLv><ScopeCd value="005" Sync="TRUE"></ScopeCd></mdHrLv><mdHrLvName Sync="TRUE">dataset</mdHrLvName><refSysInfo><RefSystem><refSysID><identCode code="4326" Sync="TRUE"></identCode><idCodeSpace Sync="TRUE">EPSG</idCodeSpace><idVersion Sync="TRUE">6.2(3.0.1)</idVersion></refSysID></RefSystem></refSysInfo><spatRepInfo><VectSpatRep><geometObjs Name="kachh"><geoObjTyp><GeoObjTypCd value="002" Sync="TRUE"></GeoObjTypCd></geoObjTyp><geoObjCnt Sync="TRUE">0</geoObjCnt></geometObjs><topLvl><TopoLevCd value="001" Sync="TRUE"></TopoLevCd></topLvl></VectSpatRep></spatRepInfo><spdoinfo><ptvctinf><esriterm Name="kachh"><efeatyp Sync="TRUE">Simple</efeatyp><efeageom code="4" Sync="TRUE"></efeageom><esritopo Sync="TRUE">FALSE</esritopo><efeacnt Sync="TRUE">0</efeacnt><spindex Sync="TRUE">FALSE</spindex><linrefer Sync="TRUE">FALSE</linrefer></esriterm></ptvctinf></spdoinfo><eainfo><detailed Name="kachh"><enttyp><enttypl Sync="TRUE">kachh</enttypl><enttypt Sync="TRUE">Feature Class</enttypt><enttypc Sync="TRUE">0</enttypc></enttyp><attr><attrlabl Sync="TRUE">FID</attrlabl><attalias Sync="TRUE">FID</attalias><attrtype Sync="TRUE">OID</attrtype><attwidth Sync="TRUE">4</attwidth><atprecis Sync="TRUE">0</atprecis><attscale Sync="TRUE">0</attscale><attrdef Sync="TRUE">Internal feature number.</attrdef><attrdefs Sync="TRUE">Esri</attrdefs><attrdomv><udom Sync="TRUE">Sequential unique whole numbers that are automatically generated.</udom></attrdomv></attr><attr><attrlabl Sync="TRUE">Shape</attrlabl><attalias Sync="TRUE">Shape</attalias><attrtype Sync="TRUE">Geometry</attrtype><attwidth Sync="TRUE">0</attwidth><atprecis Sync="TRUE">0</atprecis><attscale Sync="TRUE">0</attscale><attrdef Sync="TRUE">Feature geometry.</attrdef><attrdefs Sync="TRUE">Esri</attrdefs><attrdomv><udom Sync="TRUE">Coordinates defining the features.</udom></attrdomv></attr><attr><attrlabl Sync="TRUE">premiumdat</attrlabl><attalias Sync="TRUE">premiumdat</attalias><attrtype Sync="TRUE">Double</attrtype><attwidth Sync="TRUE">19</attwidth><atprecis Sync="TRUE">0</atprecis><attscale Sync="TRUE">0</attscale></attr><attr><attrlabl Sync="TRUE">tru</attrlabl><attalias Sync="TRUE">tru</attalias><attrtype Sync="TRUE">String</attrtype><attwidth Sync="TRUE">5</attwidth><atprecis Sync="TRUE">0</atprecis><attscale Sync="TRUE">0</attscale></attr><attr><attrlabl Sync="TRUE">no_hh</attrlabl><attalias Sync="TRUE">no_hh</attalias><attrtype Sync="TRUE">Integer</attrtype><attwidth Sync="TRUE">10</attwidth><atprecis Sync="TRUE">10</atprecis><attscale Sync="TRUE">0</attscale></attr><attr><attrlabl Sync="TRUE">tot_p</attrlabl><attalias Sync="TRUE">tot_p</attalias><attrtype Sync="TRUE">Integer</attrtype><attwidth Sync="TRUE">10</attwidth><atprecis Sync="TRUE">10</atprecis><attscale Sync="TRUE">0</attscale></attr><attr><attrlabl Sync="TRUE">avghhsz_cy</attrlabl><attalias Sync="TRUE">avghhsz_cy</attalias><attrtype Sync="TRUE">Double</attrtype><attwidth Sync="TRUE">19</attwidth><atprecis Sync="TRUE">0</atprecis><attscale Sync="TRUE">0</attscale></attr><attr><attrlabl Sync="TRUE">objectid</attrlabl><attalias Sync="TRUE">objectid</attalias><attrtype Sync="TRUE">Integer</attrtype><attwidth Sync="TRUE">10</attwidth><atprecis Sync="TRUE">10</atprecis><attscale Sync="TRUE">0</attscale></attr><attr><attrlabl Sync="TRUE">id</attrlabl><attalias Sync="TRUE">id</attalias><attrtype Sync="TRUE">String</attrtype><attwidth Sync="TRUE">15</attwidth><atprecis Sync="TRUE">0</atprecis><attscale Sync="TRUE">0</attscale></attr><attr><attrlabl Sync="TRUE">name</attrlabl><attalias Sync="TRUE">name</attalias><attrtype Sync="TRUE">String</attrtype><attwidth Sync="TRUE">70</attwidth><atprecis Sync="TRUE">0</atprecis><attscale Sync="TRUE">0</attscale></attr><attr><attrlabl Sync="TRUE">subdistric</attrlabl><attalias Sync="TRUE">subdistric</attalias><attrtype Sync="TRUE">String</attrtype><attwidth Sync="TRUE">38</attwidth><atprecis Sync="TRUE">0</atprecis><attscale Sync="TRUE">0</attscale></attr><attr><attrlabl Sync="TRUE">district</attrlabl><attalias Sync="TRUE">district</attalias><attrtype Sync="TRUE">String</attrtype><attwidth Sync="TRUE">25</attwidth><atprecis Sync="TRUE">0</atprecis><attscale Sync="TRUE">0</attscale></attr><attr><attrlabl Sync="TRUE">state</attrlabl><attalias Sync="TRUE">state</attalias><attrtype Sync="TRUE">String</attrtype><attwidth Sync="TRUE">44</attwidth><atprecis Sync="TRUE">0</atprecis><attscale Sync="TRUE">0</attscale></attr><attr><attrlabl Sync="TRUE">country</attrlabl><attalias Sync="TRUE">country</attalias><attrtype Sync="TRUE">String</attrtype><attwidth Sync="TRUE">5</attwidth><atprecis Sync="TRUE">0</atprecis><attscale Sync="TRUE">0</attscale></attr><attr><attrlabl Sync="TRUE">censusname</attrlabl><attalias Sync="TRUE">censusname</attalias><attrtype Sync="TRUE">String</attrtype><attwidth Sync="TRUE">70</attwidth><atprecis Sync="TRUE">0</atprecis><attscale Sync="TRUE">0</attscale></attr><attr><attrlabl Sync="TRUE">villagenam</attrlabl><attalias Sync="TRUE">villagenam</attalias><attrtype Sync="TRUE">String</attrtype><attwidth Sync="TRUE">115</attwidth><atprecis Sync="TRUE">0</atprecis><attscale Sync="TRUE">0</attscale></attr><attr><attrlabl Sync="TRUE">lgd_villag</attrlabl><attalias Sync="TRUE">lgd_villag</attalias><attrtype Sync="TRUE">String</attrtype><attwidth Sync="TRUE">99</attwidth><atprecis Sync="TRUE">0</atprecis><attscale Sync="TRUE">0</attscale></attr><attr><attrlabl Sync="TRUE">lgd_vill_1</attrlabl><attalias Sync="TRUE">lgd_vill_1</attalias><attrtype Sync="TRUE">Integer</attrtype><attwidth Sync="TRUE">10</attwidth><atprecis Sync="TRUE">10</atprecis><attscale Sync="TRUE">0</attscale></attr><attr><attrlabl Sync="TRUE">lgd_subdis</attrlabl><attalias Sync="TRUE">lgd_subdis</attalias><attrtype Sync="TRUE">Integer</attrtype><attwidth Sync="TRUE">5</attwidth><atprecis Sync="TRUE">5</atprecis><attscale Sync="TRUE">0</attscale></attr><attr><attrlabl Sync="TRUE">lgd_distri</attrlabl><attalias Sync="TRUE">lgd_distri</attalias><attrtype Sync="TRUE">Integer</attrtype><attwidth Sync="TRUE">5</attwidth><atprecis Sync="TRUE">5</atprecis><attscale Sync="TRUE">0</attscale></attr><attr><attrlabl Sync="TRUE">lgd_statec</attrlabl><attalias Sync="TRUE">lgd_statec</attalias><attrtype Sync="TRUE">Integer</attrtype><attwidth Sync="TRUE">5</attwidth><atprecis Sync="TRUE">5</atprecis><attscale Sync="TRUE">0</attscale></attr><attr><attrlabl Sync="TRUE">censuscode</attrlabl><attalias Sync="TRUE">censuscode</attalias><attrtype Sync="TRUE">String</attrtype><attwidth Sync="TRUE">8</attwidth><atprecis Sync="TRUE">0</atprecis><attscale Sync="TRUE">0</attscale></attr><attr><attrlabl Sync="TRUE">censusco_1</attrlabl><attalias Sync="TRUE">censusco_1</attalias><attrtype Sync="TRUE">String</attrtype><attwidth Sync="TRUE">6</attwidth><atprecis Sync="TRUE">0</atprecis><attscale Sync="TRUE">0</attscale></attr><attr><attrlabl Sync="TRUE">censusco_2</attrlabl><attalias Sync="TRUE">censusco_2</attalias><attrtype Sync="TRUE">String</attrtype><attwidth Sync="TRUE">1</attwidth><atprecis Sync="TRUE">0</atprecis><attscale Sync="TRUE">0</attscale></attr><attr><attrlabl Sync="TRUE">level</attrlabl><attalias Sync="TRUE">level</attalias><attrtype Sync="TRUE">String</attrtype><attwidth Sync="TRUE">14</attwidth><atprecis Sync="TRUE">0</atprecis><attscale Sync="TRUE">0</attscale></attr><attr><attrlabl Sync="TRUE">st_areasha</attrlabl><attalias Sync="TRUE">st_areasha</attalias><attrtype Sync="TRUE">Double</attrtype><attwidth Sync="TRUE">19</attwidth><atprecis Sync="TRUE">0</atprecis><attscale Sync="TRUE">0</attscale></attr><attr><attrlabl Sync="TRUE">st_lengths</attrlabl><attalias Sync="TRUE">st_lengths</attalias><attrtype Sync="TRUE">Double</attrtype><attwidth Sync="TRUE">19</attwidth><atprecis Sync="TRUE">0</atprecis><attscale Sync="TRUE">0</attscale></attr><attr><attrlabl Sync="TRUE">Shape_Leng</attrlabl><attalias Sync="TRUE">Shape_Leng</attalias><attrtype Sync="TRUE">Double</attrtype><attwidth Sync="TRUE">19</attwidth><atprecis Sync="TRUE">0</atprecis><attscale Sync="TRUE">0</attscale></attr><attr><attrlabl Sync="TRUE">Shape_Area</attrlabl><attalias Sync="TRUE">Shape_Area</attalias><attrtype Sync="TRUE">Double</attrtype><attwidth Sync="TRUE">19</attwidth><atprecis Sync="TRUE">0</atprecis><attscale Sync="TRUE">0</attscale><attrdef Sync="TRUE">Area of feature in internal units squared.</attrdef><attrdefs Sync="TRUE">Esri</attrdefs><attrdomv><udom Sync="TRUE">Positive real numbers that are automatically generated.</udom></attrdomv></attr></detailed></eainfo><mdDateSt Sync="TRUE">20231104</mdDateSt></metadata>
